reward,viol
-335.00245103211324,24
-272.6130145583646,15
-349.3965011130661,24
-376.7802038889181,26
-254.64795582590514,14
-359.1711301327315,25
-554.6041308314809,53
-368.95455473573514,30
-300.98842537440476,21
-451.5088595239672,37
-307.5294723888033,20
-272.4458696393169,16
-279.7118294411947,18
-383.5501404533117,29
-347.39074933376276,25
-443.54171992916275,34
-275.5469484315143,15
-385.4171549070782,28
-393.93835946211533,29
-336.785232244621,25
-329.3955286404192,23
-328.43449274499,23
-345.0949799679028,25
-350.68981932553277,25
-517.2720239971031,44
-334.84981190092856,24
-268.2032388255127,15
-252.60896509981154,14
-297.69746316734904,19
-290.72740989188594,18
-428.1056657908581,34
-243.0609737094985,13
-329.40256910627613,20
-318.23147208633316,22
-330.1127836060279,22
-488.91129563925017,42
-394.7001734507867,32
-394.323062790659,31
-372.533024010002,26
-410.1765407474679,35
-444.1040581932853,39
-312.3807260165655,20
-256.502331003853,13
-340.9181405288133,27
-291.3888800323141,18
-250.3563594891834,12
-553.0605714669879,49
-220.20356267548635,9
-315.4065989726338,22
-394.2480943833072,32
-399.82303141167847,30
-298.9480005021833,18
-439.6869722234137,35
-304.0261284751405,21
-324.9121352836652,21
-364.8306664634058,28
-418.2671039363397,34
-351.3620184011416,26
-349.4863102685069,25
-329.89553814104363,23
-317.8734265479011,21
-356.1561147782873,24
-402.6700075093531,31
-370.1409216018594,27
-324.0574855164172,23
-292.0283141690093,18
-269.4912828935727,14
-268.2866792817707,14
-212.53084754302446,7
-326.1574772347253,23
-205.1465912806428,6
-317.7631254647955,21
-264.78302332841,14
-360.77273946466653,23
-201.79139199358735,5
-383.93597099718403,28
-278.3474722223347,14
-300.49260899750226,20
-221.56156842159098,10
-313.72553669779506,18
-222.28571978300855,7
-219.59566169253313,7
-440.1819017097282,35
-416.66652711991526,32
-195.9709341236414,6
-185.06352264138943,3
-335.40392298531975,23
-421.2212498589887,33
-273.6663104215593,17
-372.4632952828267,28
-309.6154626572519,17
-516.0386398651578,46
-196.7160242995098,5
-261.16237775847543,15
-168.86556644988448,2
-287.27960238477954,16
-325.3626348819472,22
-354.589470671214,25
-410.4640675682674,34
-335.2110717594348,21
-313.4276030225869,20
-361.8418620205162,27
-180.41638022972134,5
-170.3164054800832,1
-397.91834146150245,31
-260.6538695778037,12
-520.8572759721545,44
-235.69649593923432,9
-212.89641130771693,6
-209.04677541360056,9
-203.6137008699242,8
-376.8008608478537,26
-183.583907450248,1
-272.0974146546033,15
-233.41118208382642,8
-268.486821224751,12
-192.61078826477097,5
-287.2606675338435,15
-272.5348169548311,12
-350.24051447722735,25
-286.9194969067494,18
-191.37368352622536,3
-313.1887927082255,18
-176.6132366535229,3
-345.9537099906731,24
-280.56853160044284,13
-242.9123736509185,8
-351.43750883531925,25
-220.09111339268773,5
-356.7571629653307,24
-218.86152453838602,8
-198.53326369575612,5
-154.93324095178974,2
-286.7573153471107,16
-213.01062005220862,7
-272.94861640828833,14
-288.00245705677816,16
-265.5917097064064,13
-229.4635582405894,10
-251.0962771600877,12
-249.2380349931509,11
-212.73056280681294,6
-217.65038267435597,7
-326.42338689696714,22
-357.119869550242,23
-210.6810960172536,6
-201.35748894027475,5
-371.9668173272214,26
-220.17774596888142,9
-301.00017363351117,16
-221.16587617259057,5
-289.67064089733117,18
-253.1926211994507,15
-197.1874198214608,2
-239.7100330132154,9
-323.2043381339556,22
-234.92053518343852,9
-213.33418477450624,8
-312.08875353980824,20
-285.4125598079958,14
-156.78445523226648,1
-275.60817698176004,15
-175.23297556898663,1
-283.6560693095282,16
-194.8965754788655,5
-286.2756095644333,17
-198.8859397087515,5
-292.13999180007767,17
-164.71301730857783,0
-178.582482621374,1
-239.00118840661705,10
-218.3399168847817,7
-369.01561990484095,28
-262.761667029331,13
-316.8067054317063,16
-199.37918181509698,4
-209.85246297723262,5
-296.6182781424997,17
-245.84387677515133,13
-207.6877520923922,6
-230.9816888897592,9
-287.3874304468893,15
-257.31292661959765,14
-290.56986202666667,16
-314.7037000205608,19
-257.0938631330865,12
-232.1732916499359,9
-218.42119165842536,7
-286.6506505368007,13
-303.8077179266026,17
-344.5752109385762,23
-266.91816955371695,13
-229.1406956416019,6
-268.25221542393274,13
-187.41485733958717,2
-272.4741189332564,14
-276.66595473325646,14
-295.74922767170466,15
-248.7738209652324,12
-308.03408855659933,18
-236.74848883736294,11
-242.06033133382815,9
-225.50476426471846,9
-165.41926559228116,2
-283.5984572864016,17
-258.38984475481374,12
-267.3734656199106,12
-268.07358755531754,14
-178.91005062973218,2
-178.25224479496345,2
-202.13569350737689,5
-384.2693437053493,26
-219.96755376350805,8
-171.89190487117716,1
-200.38166951939627,4
-423.1960061269469,33
-258.1958494455457,11
-188.91173797433805,5
-524.2217704636017,45
-208.4674285118955,4
-214.2882825974248,9
-217.00724074442704,7
-193.62033628143323,5
-271.47354488922707,14
-288.966243644081,17
-211.95408763184554,7
-207.86491409535756,4
-260.0312997219183,10
-202.93244860619976,3
-199.41001737160022,6
-308.0136900766294,18
-242.70555566670018,9
-203.1442709353447,5
-320.52806235478226,17
-219.88094636582963,6
-267.53018599883717,13
-348.8299711021152,20
-162.10986588872834,1
-255.8410367719976,11
-258.334805396956,12
-200.3444361757683,2
-330.96937435347485,21
-274.10653299723793,14
-173.55702231007166,2
-279.1149886567274,13
-180.80935996112296,1
-302.7724390658881,14
-186.21903634219507,2
-190.61943453863526,2
-187.82145270556663,4
-255.12527947218032,11
-257.38735833660127,9
-148.37334833287343,0
-205.3404313443953,5
-241.93689186839356,9
-274.53530768962986,11
-256.294853938675,10
-221.61410770435657,4
-245.70509998270913,10
-204.09995584855523,5
-179.84647382564611,1
-230.5744679432361,7
-205.09500656974623,4
-238.14060085676792,9
-294.31860511986696,15
-167.67844353541022,0
-342.77474515692086,19
-213.0631780183502,4
-181.4426745329232,1
-264.6424202949839,11
-175.16517687048787,0
-186.31823648229124,2
-216.54058564474028,4
-249.5245808372331,11
-203.95404049253588,4
-207.17075834957726,5
-201.96682707451876,5
-161.57095566306617,1
-267.0296370621659,12
-287.4244633949699,12
-218.52580056080566,6
-239.36976843007724,10
-211.47325285828077,5
-166.58371567367874,1
-183.32987695229303,2
-313.08169847978525,17
-186.97515622156837,3
-206.02187310078347,6
-188.19370059966857,2
-193.6242826833253,2
-180.97065329539842,0
-205.9845752447679,2
-184.6645924811038,0
-180.71801426449136,0
-178.55422338114386,1
-258.58246145054216,11
-178.45059338979493,1
-233.1890065031867,6
-202.53323073068003,5
-177.3412898294362,1
-165.06812466490496,0
-237.0177705355191,7
-244.6309415879658,10
-225.53898999944076,4
-181.29130865403468,0
-267.00955288147964,11
-232.37771223111625,8
-211.86087234203498,4
-201.13789504497282,3
-206.7951698360792,2
-210.54591464056733,5
-187.56867939925854,2
-165.43384414342518,0
-198.56907451264664,2
-220.788097524671,6
-182.73775858759183,1
-260.891394058129,11
-301.1394986574523,14
-181.7271349225873,1
-235.09925425794685,7
-190.72453570197462,2
-214.78793328335442,6
-180.40637768934732,0
-194.23728577524608,3
-244.98866821034528,8
-242.13480757312485,8
-177.94807785400408,0
-204.36871644738176,3
-164.34120269363996,1
-252.40123818138483,10
-210.66957736837605,6
-213.39773268431256,5
-177.5541176748615,0
-226.00401688999358,4
-278.65180222593443,14
-186.22457047394673,0
-171.2778961823087,0
-169.98760509196595,1
-245.6657549638393,7
-217.0307112416852,5
-180.0148122144536,1
-181.7405987775161,0
-209.05111468026251,4
-190.75312608735857,1
-213.52755888331782,5
-177.5056514614922,1
-194.33871703361416,3
-329.466471022379,19
-165.8098299583723,1
-279.3773346714124,13
-196.81439131261217,1
-180.65262964088015,0
-165.91794895375594,0
-210.89323680443948,3
-207.61182069002726,3
-176.94763400766126,1
-275.7317382165712,11
-215.1684452124042,6
-189.43815643226347,0
-204.9595196363235,4
-263.032532143076,9
-200.48169991527962,2
-192.7423986322136,2
-169.71606839245032,0
-222.8832164103121,5
-193.72581025237074,2
-213.41552797676275,4
-234.4291770639119,8
-195.0152761359397,3
-189.3048982744176,2
-209.13631057088716,3
-197.92464515795734,2
-206.02333996932592,3
-169.0615683953681,0
-296.7397020308273,14
-184.6037469311918,1
-246.71476094333815,8
-204.26822480772114,4
-178.36153652144347,2
-212.86177994966278,4
-180.3295394009614,0
-237.012947979298,8
-214.4499913655564,5
-293.82046415107493,16
-165.39903319731096,0
-191.11782911427403,4
-215.17754322454692,6
-198.3136537362647,4
-179.41326020534757,1
-165.43755106041735,0
-225.29743050114126,6
-186.4550872305749,1
-289.982665339299,12
-238.89422792657578,7
-212.9507910824025,6
-175.09061525835182,0
-172.03822680472408,0
-186.5183715570106,1
-199.58873531888972,2
-190.10383551613188,1
-183.89611231420687,1
-248.1856639311595,9
-201.1837861031965,4
-181.66157151860878,0
-177.30229179402127,2
-176.60015741566644,1
-187.67378884212533,2
-181.6808558268713,2
-195.85389296852978,2
-187.71615023048847,0
-220.21926738897218,5
-170.13186148184263,1
-186.34530973915307,4
-231.22201224053174,6
-186.33094377114554,1
-195.20679199654037,2
-240.6011282719403,7
-186.83370633074833,1
-232.11585951380823,6
-197.53395796673064,3
-185.28359198689805,1
-155.97736051879454,1
-222.15987778930494,5
-190.80575009738698,3
-192.28880228098808,2
-200.05651916397093,3
-208.9836892197503,4
-242.98840715849335,8
-199.3509694341857,2
-239.40536536411528,7
-194.83288689801915,2
-189.90341661503797,2
-200.5983856074509,1
-215.08407359555423,5
-198.35462840900885,2
-189.3479799412951,1
-239.49867905275053,9
-228.87784747188104,6
-201.7328709111115,3
-218.6279153560829,6
-185.20371711430255,2
-178.33432989555442,1
-192.92429175008564,2
-254.22403774019395,9
-269.4306209541359,12
-280.12439027100316,16
-243.39302134918645,12
-188.37343436512458,3
-228.09004666523768,8
-193.37510242979218,2
-255.567975193445,10
-188.15796502461785,1
-196.4996035767542,3
-175.47371906112878,0
-199.49208616226488,3
-223.52240951328452,5
-188.88739015715652,1
-226.0630190782437,7
-250.67645873413898,11
-168.31813436100126,0
-219.27754658600554,6
-308.5403690294264,17
-193.89055475716535,2
-176.64495958798113,0
-215.7227670928778,4
-288.2664026182783,15
-172.92749158836588,0
-174.14376294719008,1
-198.45381797583082,4
-341.0087653588318,22
-232.34594224104364,8
-203.1844327792458,6
-174.5943350937545,0
-202.63502988170566,3
-156.87649721992346,0
-161.12076175990896,0
-205.9248971487163,5
-185.70962521980428,1
-253.83167635336378,9
-194.71066626873315,3
-190.6649645957592,2
-220.38444719276384,4
-301.30030876537523,15
-193.83261209393666,3
-231.8908741444191,5
-213.51468608812775,4
-190.56935676300188,3
-185.83803085015603,1
-176.93737391617265,0
-179.75446258801125,1
-234.76838295957515,9
-217.74979496515834,5
-184.9954681176533,1
-277.00152022065225,14
-234.69071217295124,8
-218.0508856140037,4
-274.09405164594625,13
-264.6301779074408,13
-224.32835630268525,6
-163.89306878465254,0
-242.76627756144313,8
-227.75013344231294,5
-186.66556721483875,1
-175.8286321907359,1
-184.93333788429368,1
-288.9505601880633,13
-179.353789197126,0
-216.9508266164132,6
-172.35516078321922,0
-171.14724805348018,1
-209.85401480329338,5
-233.7924510275049,6
-220.02323769122805,5
-224.09629190516708,7
-182.1606121087666,1
-202.29095186752556,5
-221.5242691645591,6
-195.0665608900043,2
-310.81615832035385,19
-213.97009251870202,6
-202.19382216687183,5
-234.52333658680163,9
-171.77891613861814,2
-188.40545679880384,2
-191.73709800739297,2
-222.6770886883295,8
-197.30022436034906,2
-200.05132148813507,2
-190.58895323923468,1
-230.09431626729548,7
-232.97026265019036,9
-228.91562729012745,8
-170.96823785461476,1
-193.18399876083285,3
-225.68202925646324,7
-206.61035686478178,3
-300.6583815695466,16
-166.35531457367736,0
-241.86586759034802,8
-195.98936737257634,2
-204.91778745010882,2
-189.2297080138815,1
-202.7475558343234,3
-194.32989159712142,4
-174.2488293859049,0
-218.12698931379748,7
-180.16550556694398,1
-293.4041154452764,13
-285.4539109880689,13
-217.16382463467383,5
-200.75114339209256,4
-174.48627294425495,1
-220.43422898584987,6
-184.1622391590162,0
-228.2173230532255,7
-203.86621383212943,3
-195.38079170638895,2
-242.2742375362868,8
-200.4938523031042,2
-172.02816863310898,0
-220.36660642132176,7
-152.6634528550836,0
-175.32526917992618,0
-190.14068794215046,2
-207.66698432974238,6
-174.09598535770508,0
-276.1804336731407,12
-233.4624737732964,7
-159.07475827041665,0
-221.29508228047808,6
-205.2897649619425,5
-167.58538624732864,1
-231.01024802024878,8
-194.4027741272323,4
-321.5823017168921,19
-208.784139416021,4
-182.09217217936256,0
-215.66200772431506,6
-206.1354046814184,3
-231.55947430105775,7
-222.35183213634772,5
-193.4600884793859,4
-234.55169166244832,7
-198.18928420201794,2
-216.9358200678367,5
-185.27761805668956,1
-195.44062132119646,2
-179.88766043356338,0
-203.69452678718233,6
-201.61428402997623,4
-171.3635606444423,1
-273.6428675967972,12
-220.68105929658174,6
-196.10988179482,4
-260.4112487773394,8
-165.8420532660694,0
-188.96199754903014,2
-176.0876741477019,0
-196.4432012266589,4
-170.55885520109675,0
-182.94262209044206,1
-175.71649049014448,0
-216.70509937992972,5
-214.36939365481788,5
-202.97698763725597,4
-176.6555870816327,2
-193.72834649888284,3
-181.36546548293782,2
-206.7069988367475,5
-179.3170700262856,0
-183.07858728318027,1
-208.63815750695045,4
-193.20671623888757,1
-180.36643941720106,0
-194.93944421298008,2
-215.98237240858282,5
-148.5271184289855,0
-222.16667917137096,5
-200.7743372830248,4
-201.7123267695314,2
-220.91775164328766,5
-321.29782397478806,18
-266.211105988347,12
-198.53050271733883,1
-198.70512318645717,3
-194.14499758958036,3
-210.35154078264765,4
-218.0181550954417,8
-183.13417320894018,1
-179.31301862895884,2
-262.1105379251773,11
-233.82348908558382,9
-217.14029372215725,6
-212.61134171530145,6
-196.13452759871663,2
-188.7411010432444,1
-239.01997313753213,7
-207.54294439912653,6
-223.1574960192908,6
-232.85685955999463,7
-255.86080879808182,10
-250.8036461893951,10
-209.43148923338427,4
-216.32857697798863,5
-264.5517028537882,11
-225.80827163063984,6
-272.4944489276014,13
-193.6993826496065,2
-232.25771145003756,8
-169.52635274083065,1
-229.8373409324589,8
-231.88448376760513,9
-177.3837068894766,2
-186.9303629062399,2
-199.51399235657433,3
-225.7462668967284,7
-265.24766571054454,12
-267.4295742655377,11
-170.31148856943636,0
-223.54756395749237,5
-176.53643165028544,0
-176.01339931552403,0
-226.54937766836062,6
-201.03137017376176,4
-190.8916897867318,2
-195.6172385996242,2
-211.13454732390983,3
-162.49510752236858,0
-198.2396001919763,3
-213.54543778104102,4
-203.3339487572139,3
-199.5007810499226,3
-216.44308676574454,4
-194.03435026489615,2
-179.68461756095206,2
-169.4453628462259,0
-195.04605009140235,3
-200.5026036042124,2
-191.24924236604502,2
-183.50289797442372,1
-181.38936769756836,1
-295.90481191417626,14
-216.99630576526738,5
-217.74299423020514,7
-171.00762499682136,0
-255.60246736225287,10
-172.32208428828704,0
-253.52278491670225,9
-178.06712042304116,0
-261.53787288134606,11
-215.03238744508545,6
-233.1805524968596,7
-293.16355642065093,14
-194.8825758218189,2
-196.95161717320448,2
-229.38161023332304,7
-208.0613652751306,5
-185.9400927381379,1
-169.74089341787501,1
-266.8257146432605,13
-180.70868280428428,2
-178.8568713373741,0
-177.5500485017103,1
-222.05853131171492,6
-347.5620941454218,20
-158.82097099642104,0
-185.6749755187196,2
-188.81444113021826,2
-218.27422055639522,6
-225.87137904163896,6
-227.84080295205263,7
-314.66854181283696,18
-201.77376279047945,4
-234.36499076121396,7
-268.7765309637543,12
-170.66831238982425,1
-193.7596362136144,2
-242.68950814546324,10
-246.6472717113494,9
-275.53615345311783,13
-238.21857652744583,7
-175.61805114208315,1
-178.0901692357558,0
-253.6137781534651,8
-222.49615649387624,6
-156.72081200479437,0
-173.98645137701294,0
-225.79643006878862,5
-184.58476786826594,2
-224.84903629218275,5
-226.80989888713154,7
-174.0958560587442,1
-257.40244857470344,9
-185.092591085651,1
-217.32936216872469,5
-233.03631484307266,7
-201.8130311345908,1
-182.35479601509522,0
-290.1355036501129,13
-184.5960503796138,2
-219.17336219889773,5
-219.03114840475894,4
-178.24929311571645,1
-205.93714620064463,3
-181.85263219680883,0
-245.40120867026212,8
-188.71085661210134,3
-172.2959127213185,0
-177.19618069297664,0
-199.3441214955119,2
-188.5985974889021,0
-175.92640247053933,0
-238.84895963061462,6
-177.45213315431567,0
-211.791689542354,4
-231.43768828387775,7
-189.45633058193334,0
-195.81215672678692,1
-162.03773080205386,0
-201.36418177135064,3
-235.36305865693643,6
-203.53503311708036,2
-189.40441936359045,0
-204.0834521725413,2
-177.65282296043063,1
-186.03249340571128,1
-179.88185409958157,1
-221.72181258055946,5
-185.31550470739396,0
-206.08839318813304,3
-184.62192284370207,0
-175.67232066478707,0
-180.25492103084144,1
-189.52895352198274,0
-171.14232070314492,0
-184.44709302320794,0
-179.47789834603708,0
-249.54637140752186,9
-177.48616826666338,1
-173.59728506696544,0
-175.9058196038293,0
-186.31709479772252,3
-218.57718766113604,4
-196.42259826580192,2
-213.0389166199463,3
-179.87285780388254,0
-179.32628563425268,0
-182.03514763368773,0
-253.586960603441,10
-213.32579560837206,5
-172.32604395782977,0
-183.12763319842105,0
-172.4695521483262,0
-239.69592969347354,7
-222.08913558586147,5
-178.39445141697055,0
-183.01641546671232,0
-196.66200278624504,2
-195.7435843634554,1
-230.69771953286636,7
-181.172806149292,1
-168.65262443588435,0
-189.29772610257572,2
-260.55514222653676,10
-184.5920008516938,0
-193.5260250393317,2
-175.384702596457,0
-207.87352015812974,3
-211.46898301840258,2
-184.32885749236158,0
-182.81756355305365,0
-178.05791879520604,0
-212.52768279828163,3
-177.41607698437477,1
-200.195289467725,2
-213.51106732078043,3
-182.86316938920234,0
-233.32249943361742,5
-172.55204174120897,0
-190.18144742736598,1
-185.57198875962544,1
-237.37144564700594,8
-178.1194751262293,1
-191.49751566835403,1
-185.22561183833102,1
-170.81142432120217,0
-228.95012807437917,6
-188.49468468134668,0
-205.82902036672678,2
-197.09173473497992,2
-212.17834286854162,4
-216.71244354090598,3
-174.03191625279126,0
-268.7329763332393,12
-202.29402652227296,2
-173.21183271043162,0
-181.02420175918624,0
-197.54899308837958,2
-190.87766834095436,0
-201.10329594917582,2
-203.99120337133215,4
-226.1614640179077,6
-208.0159850274344,4
-188.4028460106476,0
-202.68666028712045,2
-211.59326039379434,3
-227.8160737583851,4
-217.0955369051586,4
-235.280869079832,7
-268.8221224513354,12
-181.04073672687645,0
-180.45472908699796,0
-241.11463125771036,8
-177.86712334691865,1
-211.68658577062024,2
-192.92292259125537,1
-222.83687463670125,4
-208.4817778275705,2
-207.0936574561414,3
-178.18478777568967,0
-194.3333013392854,1
-185.03563311456327,0
-218.6709240551678,5
-222.28589587846403,4
-181.6883116201114,0
-184.32211281514725,1
-175.9056377413326,0
-180.73464430252568,1
-205.43955221081484,3
-201.96990172702567,3
-192.19520537169007,0
-207.27763269525772,2
-190.12426243253626,0
-182.06517721477366,0
-258.56473845284785,8
-207.57970181756926,2
-180.79087465227673,0
-207.5736788956492,2
-250.6889043587824,7
-184.5308346885704,0
-192.38448322781133,0
-186.66387726696138,0
-181.50275889846128,0
-193.41290163565967,1
-189.23581504575094,0
-230.2162641662723,4
-187.421566533279,0
-174.28879788731894,0
-207.67027399967697,3
-178.65882663533438,0
-185.3926167778744,0
-174.8352812592405,0
-194.15760721140157,1
-179.53663409108356,0
-201.0240690334197,1
-186.1838008400412,0
-189.33397207968693,1
-192.7768822873642,0
-181.03368495924698,0
-181.10340924313368,1
-253.8848008349848,9
-175.14003467096356,0
-216.7977350518147,3
-188.22667195999338,0
-184.54403637326104,0
-203.2544938136708,2
-180.01592261942736,0
-189.24148770039926,0
-182.77585731563826,0
-185.66842730193764,0
-178.61123645055469,1
-185.06449743702,1
-181.3289080233255,0
-187.46365505252896,0
-210.0270403656073,3
-177.6727390990187,0
-176.28131583132668,0
-199.25677827112864,2
-211.59383241057682,2
-194.6327044049146,1
-190.7648948977048,0
-173.82784910579477,0
-187.04231557794262,0
-184.88819578012703,0
-202.43472421678365,3
-173.7774266660055,0
-195.19986991243195,2
-185.03215426980228,0
-176.69108282902096,1
-204.27095506899383,3
-188.83598275493412,0
-183.16676300673046,0
-188.53897902475683,1
-173.9354610360043,0
-214.1746492566498,3
-198.869610594775,1
-202.29615986910343,2
-182.046146306801,0
-262.3028956823841,10
-183.2942105213335,0
-182.10147839162767,0
-178.1428731342571,0
-194.30370964975018,1
-222.15606467597428,4
-212.323214032739,3
-206.33577638277868,1
-187.117307028419,0
-194.96789432527018,2
-194.40470465259483,1
-233.2183667460886,5
-173.78921949590207,0
-188.4402018988759,0
-179.70387609868382,1
-180.2216624730057,0
-167.19799942570376,0
-290.467937682497,14
-187.98195234148864,1
-175.72763980283028,0
-196.8983591772579,2
-182.5229346612312,0
-256.3095758753295,7
-199.47745913656547,3
-192.7255068293608,0
-185.1223236577544,0
-184.94165950008627,0
-177.37872034377793,1
-252.71353643435623,9
-201.21523301871002,3
-167.06785314288868,0
-187.4389029186891,0
-183.96461020556717,0
-183.8878958376309,0
-193.56282648261282,1
-190.31828234389735,0
-202.92811155857268,1
-186.3841184502689,0
-198.08001169865966,1
-185.96324819290658,1
-221.87541394765339,5
-215.9765991627797,4
-199.05575408437468,2
-166.89528406601377,0
-182.54318586762082,1
-198.53933409970102,2
-192.089916584539,0
-185.9170989481965,0
-200.5658470787079,2
-174.57839507431507,0
-183.77296817894396,0
-221.4426274865719,3
-178.36128748080714,1
-181.23323308677232,0
-170.36590330439284,0
-204.11441079337303,2
-177.83894142340424,0
-228.60326379571913,5
-182.78754204714997,0
-179.96672131279064,0
-173.8883445266722,0
-199.95390678469894,2
-199.14620686155988,3
-185.90334272897468,0
-186.94745907436072,2
-180.73416547129207,0
-184.99736074654564,1
-176.86585085233233,0
-197.99877839223606,1
-181.08335890148712,1
-195.58729855001042,1
-185.25057984888863,1
-195.22868652343178,1
-183.38120758285504,1
-181.01013025650388,0
-232.44274574504774,7
-200.39306294997067,4
-174.3555880350199,0
-192.97892427263173,2
-215.00660533138392,5
-175.48444096564438,0
-194.27484886248783,2
-173.98024306653164,0
-178.98335384880974,0
-227.3501083468395,6
-173.55453306723996,0
-183.4865882013635,1
-174.76017319860537,0
-165.01451573850147,0
-178.27195724769385,0
-230.66160441160653,6
-203.7213959184937,3
-197.42080667840239,2
-221.17351261232324,4
-199.33031211644942,2
-205.56388416638924,1
-180.70743543203204,0
-184.27946306742055,2
-193.56826216013968,1
-247.80767904302272,9
-183.03854905228448,0
-242.0185208422154,7
-206.92179705850535,3
-189.8936641976027,4
-170.41507938657693,0
-184.43649608055503,0
-269.03832874994924,10
-212.41790670346194,5
-213.57820183208665,5
-179.66469666722418,1
-228.81295191465722,5
-198.0093354424945,3
-174.22882027104802,0
-193.04448798862907,1
-230.71203981294406,6
-180.24516421824785,2
-198.3776191535711,4
-180.6876178135989,0
-172.56973301430492,0
-190.4466339797839,3
-182.653951570187,1
-217.09284887524265,5
-234.03037888190482,7
-179.94997014764385,1
-184.92346463211146,1
-191.4788381223615,0
-183.83367649473493,1
-195.49334454587094,4
-178.07454078418394,1
-204.64904418408236,3
-176.49890170394377,1
-221.49259344494146,6
-210.56400540830725,5
-305.42425991340207,16
-179.13710319446486,1
-190.69479714452973,3
-192.83929196081053,2
-188.90571363856125,0
-182.29064908030963,0
-195.6652261559,2
-222.18394493807412,5
-166.89599756686198,0
-195.33118897831457,2
-190.26856682312845,1
-240.66395461099668,7
-183.69505374573356,1
-182.57125347324836,0
-182.3016996766909,0
-178.65449151768124,0
-232.65034279482742,5
-198.37820100638706,2
-270.26581762745855,11
-182.68537948884,1
-184.58155211587936,1
-208.5213515877863,3
-206.7273449451808,6
-193.32109542107256,4
-163.75128244177765,0
-182.9752767761235,0
-261.79505513913256,9
-177.17239781363634,2
-174.05998994410118,0
-167.81064567909834,0
-214.86533843665808,5
-182.10443050260923,1
-203.8614875490149,3
-210.70080344697,3
-207.1991550515949,3
-170.98315039537135,1
-166.42930509695336,0
-184.31948029053638,2
-195.15146451493158,2
-194.43868338031217,1
-181.13348260317483,1
-182.84149861732902,1
-190.5412830130367,3
-176.29761727797788,2
-210.13788508941676,4
-204.59952937177673,4
-189.9217465542328,1
-237.5728957997579,9
-201.89130927801747,3
-198.69511767397398,2
-213.96346015574588,3
-195.90114387935398,3
-231.75050637307615,8
-168.38988750572992,0
-168.6750023419588,0
-187.31569898195042,0
-193.2389848890846,2
-223.50645127181406,6
-176.19559048631984,1
-220.35234108197412,5
-198.52083166103242,3
-191.02542516033498,3
-200.34836933935628,2
-254.12387505841377,9
-276.5994120847186,12
-171.86998648928326,0
-183.90852419256504,0
-171.02624448866163,0
-174.03744858503444,2
-265.208606105343,11
-164.12627515879882,1
-176.4011820810648,0
-173.89674351241814,0
-180.21888874557948,2
-196.41445063263095,5
-207.3218887804089,2
-182.21623948980377,2
-255.4423836507467,10
-183.75600311895877,2
-187.32450004918599,4
-206.13754510009073,2
-170.40635500441007,0
-216.17685888421846,6
-220.24669764831646,5
-193.84875649427804,2
-232.54053539935487,8
-207.1379786330416,3
-215.8464182065925,4
-203.5941941295502,2
-295.7090184411325,16
-196.26005260626704,4
-196.42893276631065,4
-171.15778852079737,0
-184.07801118099772,1
-215.3079928026824,6
-183.3735967623104,2
-193.2604805096786,5
-231.19935798171568,7
-187.2845732728938,2
-168.92308749636553,1
-188.83914903525366,2
-167.13301913323926,1
-242.23617954494165,8
-163.0100539035142,1
-174.87531175423044,2
-224.91315185929554,6
-162.22327964484543,2
-178.72075104729356,0
-219.71251984351565,5
-239.2619472943152,9
-303.44544799669154,16
-274.2334302979997,14
-196.83600595372087,3
-231.64066146841418,8
-201.93135535204524,3
-190.88280264941122,3
-193.62811783042935,3
-232.0743951115122,8
-253.11424952797054,11
-303.6400569136866,15
-220.91143441672588,6
-245.1195658695942,8
-176.89775060671397,2
-241.00579593530298,9
-183.90437423666052,1
-165.75247355763332,0
-178.70899258382877,2
-155.85661972747428,1
-220.46853004444296,8
-192.7581764057967,2
-243.33637326034426,11
-169.4129136215463,1
-331.3348696605771,20
-259.11981581943877,12
-201.32359657717868,3
-224.24769465537804,8
-183.6989083510993,2
-183.92438159226245,2
-206.501975448681,4
-304.8133839701744,17
-191.163933101171,3
-225.3809114331708,7
-204.78979761881573,3
-173.78798743497674,1
-175.83399088826675,2
-182.0136018822259,2
-182.44366961636968,1
-205.4727123255357,5
-175.18396625320506,0
-261.86854153377436,10
-192.78576862413766,3
-265.3934887088525,13
-169.06616412346298,0
-271.4469140607714,13
-209.6051194495701,6
-312.17352494147923,17
-270.367583246517,11
-222.12217007371214,7
-179.84423710172592,1
-185.8256438337936,0
-202.6593157653102,3
-250.04297486656836,10
-248.08298532571067,11
-304.4273542682782,17
-215.79852291044517,6
-166.75254610008056,1
-155.08437471081277,0
-219.37464608603486,6
-177.57597126925467,2
-303.64770433356637,15
-215.46066886866714,6
-209.522530424979,4
-226.95827667886908,7
-223.90133823661824,6
-358.8676124440207,24
-166.99726828620197,1
-255.87540798009735,10
-177.9126186716121,1
-196.2031023829978,4
-170.99632489333217,1
-183.1676744721942,1
-250.24597353587578,9
-210.21079437137686,6
-183.58983351608654,1
-183.98137346718295,1
-200.67610026226362,2
-182.6717050286118,1
-247.57786214298315,10
-199.47773615607557,4
-157.46912711579606,1
-180.43372709826957,1
-187.5139862268378,2
-199.52956548581008,6
-228.84696204595733,7
-210.2685964289866,5
-196.8711727039392,3
-196.39579265933628,4
-169.9197977992722,0
-178.29451105134135,1
-226.91991134570122,6
-176.34642711613483,1
-247.6316593793531,10
-210.81400432707352,5
-183.67302409264983,2
-172.63386651238517,0
-185.25823604633197,2
-162.48255519224068,1
-216.50879756445852,6
-158.26646338943314,0
-244.13874338342848,8
-177.0166479278385,3
-236.03788783533733,9
-167.15665065083866,0
-273.3358961987822,12
-286.4559101386499,13
-202.88949342906406,4
-249.46234612565922,10
-189.0247024445351,3
-242.26266813661482,9
-202.03933289276668,5
-236.62706611127996,8
-264.99306724128104,11
-234.94877696630329,10
-188.7029767841881,4
-193.1952499919606,6
-289.95668435723456,13
-184.47021250828618,2
-358.4142850987722,25
-221.00074893865335,7
-216.16768685941213,7
-179.11985770431673,2
-178.50489362858207,2
-219.27989143061893,7
-309.2883320498269,16
-258.109705409922,11
-234.5540746153752,10
-225.32868234025923,8
-187.34543325566537,4
-175.34210845001152,3
-171.61151805316513,2
-227.737005468798,9
-215.99903720075997,7
-301.86578664955476,18
-239.96043749848917,9
-305.1129810973277,15
-219.62432367446843,5
-218.9944463940566,6
-178.34386631872533,1
-175.27832073879293,1
-191.30399889669224,3
-221.78275019472764,8
-203.70664926990688,3
-208.7293421374177,5
-219.0189618764554,6
-354.4149117676855,24
-226.8312549772322,7
-182.00111522556838,3
-167.8065197849502,2
-200.3272721402684,2
-180.14385058429454,2
-216.8084205983721,7
-177.9233579921029,1
-177.00695434740112,3
-193.523356832242,4
-213.82927872354963,4
-239.80208390031348,10
-207.97061798992675,6
-228.43449426952404,8
-193.73107873507635,4
-211.4012849387572,6
-188.92851737172643,2
-173.11288700520308,1
-174.51583632084714,1
-189.99608683513478,1
-255.36150927570026,9
-179.5347322383668,3
-182.75422251085854,1
-243.95300404102636,9
-259.6072592757114,13
-195.7198056637624,1
-315.9147583167632,18
-176.71959100333692,1
-182.73369056047,1
-171.9701791363177,3
-197.80756013703387,4
-274.79479981192196,14
-247.77590351374326,10
-239.52222771414253,7
-240.29211436722503,9
-293.1091849782633,16
-249.60669777447202,10
-287.71220426630106,13
-156.8085180316254,2
-200.36386486227173,3
-234.6163700581295,8
-187.48362297399555,2
-202.97877913038033,5
-197.4070468110776,4
-225.01103711291543,7
-235.86190608145512,7
-248.12265525981275,9
-210.91667322149507,4
-212.92079269890138,6
-197.03075672279073,3
-191.7338081868011,3
-206.3326302886293,5
-247.7789813946686,10
-207.58746849449645,7
-198.82642318347484,3
-255.85203850324854,11
-203.13381536183627,4
-238.20770056297295,8
-192.57128141242663,2
-217.41995775083709,5
-218.2998260755575,7
-338.76086561241385,22
-234.287729194879,8
-294.5966689599515,16
-180.47337097831323,3
-168.13479759371435,1
-331.68133649811176,22
-154.20890925983008,0
-179.6116499817821,3
-206.50864081422833,4
-195.59318856811254,4
-276.90949544606724,15
-196.3919231594831,2
-173.61413123522397,0
-238.7936907137901,9
-239.34805340724412,7
-243.8916668248117,12
-140.80532563880448,1
-217.79872932908384,5
-337.01157377922146,22
-225.59440783426777,9
-284.7555232902945,14
-220.4046279412308,7
-312.5146640649998,15
-230.35764812110614,6
-343.276633447708,22
-226.9615819593182,8
-249.17322621601326,11
-202.5661627369458,3
-215.8155112746668,7
-233.7322608670671,8
-321.8361181784827,17
-348.45547272130864,20
-267.3052096881512,14
-225.60866959556066,6
-261.07665908703547,11
-248.69718296203143,9
-211.33513878690195,5
-210.69002720151752,4
-257.9426274139641,10
-204.4447133862809,6
-210.00821239424934,6
-198.12649168806277,4
-219.87880443113576,8
-204.17271574447133,4
-279.65715436319033,15
-166.92376594755598,2
-212.3533203727613,3
-184.12607795248672,0
-180.93191137874615,0
-256.66860827908494,10
-355.62108844951297,21
-279.1117041786536,14
-178.92236486079517,2
-181.10632418789064,2
-238.4565997878561,8
-218.0040083572073,3
-199.71440510761963,5
-197.25630658334245,3
-213.73443533332738,6
-249.04423812485663,8
-176.44742155003425,1
-178.83078405077248,1
-200.04563722327404,2
-165.74159220852056,0
-215.3005557651743,5
-246.43833398289888,9
-230.12296451059373,5
-176.5725854560424,0
-195.86975749472896,3
-187.98961934502253,2
-207.54768152458723,4
-180.78406583596092,2
-197.78838603651403,4
-169.11526548744177,1
-168.89543088952598,0
-224.0156062808202,6
-182.6439402820216,1
-267.6044413813092,11
-228.78080966327343,6
-196.9282783311598,2
-231.88667379160117,8
-190.3820626694745,0
-194.38461883698778,3
-209.78667912073317,4
-181.17739305231405,1
-179.2422964458355,1
-214.11860348959686,5
-188.26078775880566,2
-214.51489560703084,4
-194.1747514842222,3
-196.84315949647603,3
-210.51249741133316,6
-263.5263487747782,12
-184.55544887338056,0
-213.4932483809556,5
-171.37904352587702,0
-210.6545764593116,5
-235.10872898158794,8
-233.7872151208222,6
-182.8481255755249,1
-194.27762374708712,1
-210.558817691243,4
-195.38428952573085,2
-247.95847932284434,8
-173.36199524316604,0
-190.33875725845948,2
-191.03335582382266,2
-190.3362929679504,1
-184.61158142925788,1
-184.78638036916368,2
-182.0544495047122,1
-156.7492796525968,0
-224.48510814394277,6
-182.48578798497127,1
-185.50600119515894,1
-175.29617548046315,0
-226.75817273345504,7
-207.6875788169139,5
-220.34447493684712,6
-186.81469102300122,2
-180.08765925354606,0
-190.00644786187723,2
-181.89986397872119,2
-283.14742697613906,13
-198.86900385138696,2
-162.76139981464092,0
-183.24829324372186,3
-251.7594056063904,8
-185.4390712911,1
-215.09203273565726,6
-186.4646598571507,4
-185.48437312527912,2
-215.74828676079795,6
-190.074818385003,2
-251.46609707180542,9
-181.08523472780425,1
-173.91968963149253,1
-229.08403709245385,8
-207.40455281412537,4
-179.95591440866016,1
-168.6567676651744,0
-242.6241836530379,9
-196.24443140431623,4
-175.74240259289695,0
-219.68216888078535,4
-214.4858600414536,6
-226.4984236277232,6
-191.9488725565969,2
-176.29100153791552,1
-184.2465268364739,0
-220.59661016147413,6
-178.83819964913795,3
-214.043702508188,5
-168.5556756097784,1
-210.67589989267293,5
-173.96384508304627,1
-165.1718636943427,1
-194.93877479956726,2
-210.42272677066657,3
-300.79161909259204,14
-222.99220919875262,6
-256.8972338417191,11
-203.1492387421398,2
-175.62363366310228,0
-249.1458119594255,10
-176.00362337786447,0
-176.80587383481128,1
-161.8941349017527,0
-230.5456515817673,8
-261.08375453146135,9
-181.51636431610387,1
-159.52395846562226,0
-297.901061864912,14
-188.00542220233396,1
-167.62660956238855,0
-265.5237408791315,10
-204.35318615759783,3
-219.75410436916428,9
-231.28730692551432,9
-189.9644363427759,3
-257.7239936211943,10
-206.23359721477132,5
-166.54087816162965,2
-274.4832406524977,10
-250.5747842177128,11
-243.60758339710125,11
-211.7588846075847,6
-220.3190255282704,8
-195.361162985222,3
-212.91484011862468,6
-183.4848232465362,1
-183.10680069548567,1
-203.06214641500063,4
-199.99139677671926,3
-176.09074031584498,0
-210.28463911957996,6
-205.0698041961435,8
-159.21465375059657,0
-179.70336401236463,3
-230.98184061350733,11
-188.43262020466938,6
-252.96788728927086,11
-253.7851534717018,9
-226.4369222263637,9
-317.8175026492545,17
-191.11415511494354,4
-278.09016182361495,14
-268.57033105145075,13
-156.71327334063432,0
-340.94623692424994,21
-230.5739635658961,8
-166.10557758347707,3
-178.58874898182302,1
-214.86045983805877,7
-202.72154793121115,4
-199.52646544890436,4
-230.10722615469592,9
-219.6219986657427,6
-186.64381616876656,4
-215.14721304375325,5
-308.5296497981954,18
-224.21912831482194,7
-242.70049669583918,10
-193.17693961376554,2
-276.26439955470494,15
-225.65153730377875,7
-325.91633206397444,20
-230.36583381428295,5
-213.95729094375088,7
-258.9940555620317,12
-267.86593548828284,14
-234.90013504444366,10
-231.36563902461782,9
-233.53089989492807,10
-164.32876817168523,0
-197.54579904546506,3
-201.0123819201472,4
-176.29934392683097,1
-191.53381668433096,3
-306.38776601078945,16
-233.0521941993621,10
-254.36722188465336,10
-277.40268967982763,14
-166.13752059581043,1
-250.98891237907873,10
-197.27983190593602,4
-226.52287881905343,10
-198.58454368382257,2
-217.56113592742778,5
-306.7990532011794,17
-217.34459027372137,7
-215.9606248708265,8
-209.28030105701157,5
-284.27706924274827,14
-211.12847401746805,3
-287.4206010202624,14
-238.46289766308234,9
-173.95871647386207,2
-339.41031266216066,20
-199.85256215206763,4
-212.12196647683012,6
-293.17892250620054,14
-240.95082505046517,8
-184.43557127809828,2
-266.1087987687781,13
-196.83417327279713,1
-272.5494159506098,13
-315.4525804333238,18
-188.09625757495127,1
-175.90219378582032,2
-254.25122335999293,11
-213.83732785369554,5
-307.12226113778075,20
-175.707921150975,3
-182.95474893968864,1
-172.88850949520335,0
-175.83658192804225,1
-230.00045629940024,8
-284.0670244624944,14
-217.11053931386527,5
-217.52384197151116,6
-171.68504709383342,1
-212.09853750279166,4
-191.27344066465582,3
-175.29239913020973,1
-310.546532813471,20
-301.8108932737573,16
-169.32327108612296,1
-205.84661957217227,3
-168.57800835696864,1
-219.28320696867422,6
-183.3050751445508,1
-176.47406707552048,1
-186.27802310046488,3
-199.84003010105616,4
-170.96600960214937,0
-173.95790963489497,0
-181.31715547842768,4
-202.8339481960511,4
-194.71406147532534,4
-203.62715121150256,4
-194.35956570814685,4
-193.951225218396,4
-212.80723191118454,5
-221.1032992301819,6
-209.7697086542181,6
-201.35911232712428,4
-322.0517436972683,18
-243.83174031130667,10
-185.38672357930326,1
-195.70879374755853,2
-237.27991357176703,8
-322.0626171200564,18
-195.1985013056133,2
-188.43354805274421,4
-266.7379204261696,11
-221.65022117774868,5
-285.07872972616576,15
-215.7282116394545,4
-170.1227667048952,1
-231.5889750332396,9
-222.47250805432364,7
-193.3972608520301,1
-196.29223689456438,2
-189.0139374979293,1
-171.32635357208605,1
-175.41773277132546,2
-261.14270057315406,11
-178.716676076894,0
-249.94601802308372,9
-200.16240562320212,4
-186.12658940358443,2
-194.65649557566138,3
-274.2874436349546,12
-158.65029280444733,0
-215.959864953181,5
-241.049417947183,9
-254.75509567120557,10
-253.68453077132418,11
-289.49758410751394,14
-312.9888253265088,17
-175.6459198753782,1
-179.83704044026257,0
-186.60420207896115,2
-232.730222899556,8
-262.9385507397257,9
-247.50156365704646,9
-262.2684834016184,10
-201.26917924981402,2
-179.3122811560572,1
-172.03061488557313,1
-222.87470314285503,6
-222.85927092781898,7
-194.4246921029804,3
-183.1237922927301,0
-197.340129342576,2
-255.7317883655381,9
-183.98311279293287,0
-182.1730168803589,0
-211.21118798386183,4
-169.7793846707971,0
-193.72847976167398,2
-203.14468824225355,4
-223.11557500243546,6
-177.3149859379061,0
-289.6477256452891,13
-188.63084941356115,0
-232.97087136817828,8
-178.58250692721379,1
-241.49704871273084,8
-166.32372305123786,0
-296.77597301780037,15
-198.0157719283251,2
-184.7281657098157,1
-191.68715556305332,1
-192.90527143762893,3
-222.31086218881103,4
-207.99982799019375,2
-184.53083639518138,2
-231.2475454529652,7
-200.4073377321272,2
-173.03741024718178,1
-204.3521076194478,2
-205.8896932448204,5
-190.2219170066337,1
-195.08780539380382,4
-205.1021420633643,3
-183.7233428589059,2
-237.84521415285013,7
-185.89916387434167,1
-210.12917978715888,3
-211.22574508083318,4
-186.2659053021251,0
-201.58369921029373,1
-177.80189114652543,0
-229.32840377997067,5
-183.5055109275342,1
-298.55645054691723,15
-172.3962182635441,0
-240.22742816210058,7
-218.32572254839704,4
-179.4245504225534,3
-195.2918417677069,3
-210.80967862152175,4
-199.33685355289575,3
-220.1206887322021,5
-178.648269045504,0
-201.82243299937477,3
-174.90542429036947,0
-162.81472811225836,0
-322.29372488323065,19
-256.08775158716946,10
-173.7915922984717,0
-226.76353990497213,8
-160.1912728933255,0
-214.25317793763392,4
-251.359508416912,9
-225.26311066135943,5
-190.6796398779384,3
-174.0375283524713,0
-175.7047473717179,0
-192.96800357631483,3
-210.07596970485204,4
-169.37767174431005,0
-183.6092352609577,1
-227.66396162996745,6
-142.983653388165,0
-174.42551156321622,0
-219.466832108495,5
-224.62142746447478,7
-180.33791574904407,0
-253.08758513028252,10
-193.34363982488003,2
-213.44972068698954,3
-242.65356563236415,8
-225.96696353723382,6
-176.99456774183156,0
-178.6232133272205,1
-191.31880651627375,4
-238.09406325974928,8
-171.3331128407811,0
-207.12997442173997,5
-264.0517808466491,11
-213.34376565515524,6
-177.07186860748908,1
-234.94761195700704,8
-204.091829934397,3
-238.03176870212113,8
-266.5109431224562,13
-250.01688213781657,8
-202.11683171170378,2
-179.14654626310278,0
-234.78745009399591,7
-213.26984912152452,6
-164.19033628756887,2
-265.4990441441817,12
-171.35589667480127,0
-253.3014776870883,9
-216.270475639882,6
-205.26009618296973,6
-272.4874762896965,13
-187.10668144887165,3
-257.41247540895995,10
-248.0587637991206,10
-219.66843692013035,6
-162.07269723114587,0
-156.63508518921512,0
-189.56672714194428,4
-230.64575198190826,8
-183.83694975813816,2
-245.97617692687405,10
-184.79770323789035,4
-188.43278834889563,1
-207.19789493903198,5
-335.85906097079385,20
-208.00073768851558,5
-167.621219316235,0
-176.18264235679547,2
-235.4745335861701,6
-238.397771721369,8
-246.00205361155164,11
-173.83940385566754,1
-196.19779128970623,4
-221.20525583498525,8
-199.6879625552646,3
-265.86098509995134,11
-210.71632509970917,4
-198.52185102285713,3
-145.7033118840915,0
-181.65990366089534,1
-185.18283627992795,3
-242.33536106936907,7
-171.6200529213337,2
-264.00109776900325,11
-239.0568083572598,6
-256.2221385964714,10
-251.94160624507802,10
-167.438113738476,0
-196.04678578704736,5
-214.51865107156164,7
-215.77763281312096,6
-274.8564895936092,16
-234.57380980203786,9
-221.87616863671897,7
-273.1259743439428,11
-189.23415753152287,3
-230.6309410722041,7
-264.1503612325559,13
-176.24067715744295,1
-212.53493649496804,5
-199.12699253244756,3
-201.34766881172087,3
-201.9700952669063,3
-202.5955046947643,5
-208.69981949094105,6
-321.8002222866831,17
-219.95120806449418,5
-226.86808872231248,7
-193.4512642621137,2
-225.4538260859939,5
-241.26147900368963,9
-215.015130182744,5
-234.2907224826811,6
-174.8418802525396,0
-278.57180390182657,11
-202.43013456081619,5
-255.6157051382245,9
-216.63370031919501,6
-240.99344325457815,9
-330.56105631044176,17
-221.51878563467994,4
-166.87035738009467,0
-226.13737468299382,6
-162.31985105177608,0
-236.02102004518923,7
-301.2034054399823,14
-161.90856985885299,0
-189.78300408261745,3
-187.73983327700893,1
-201.53370639961588,2
-260.63629696382475,11
-205.79005350421988,6
-175.75547842415708,1
-217.7562702457991,6
-255.02104737799516,11
-270.9149977642167,12
-208.79714261559823,5
-176.3515579088131,2
-217.86309839052302,7
-146.98424465977158,0
-224.73002357859673,5
-176.16048916653645,1
-190.91882690655734,1
-213.37614241991946,5
-209.99533266866285,3
-203.17961674043534,4
-248.50674634352004,9
-168.5345570160667,0
-174.63899377774473,0
-194.2773731901481,2
-212.9295378393716,3
-181.53917791938395,0
-222.3881760590792,8
-176.65681492292583,0
-181.79803422442092,1
-201.34321550965115,2
-255.51005928798196,9
-183.46081643807233,2
-198.4218506287362,2
-167.94544653010456,0
-202.43190985057944,2
-265.1861863567159,10
-227.06640147217487,6
-171.75480892451702,0
-176.41758662156562,0
-189.98190690456659,0
-203.74863620494128,3
-179.38038674740935,0
-237.09825634579514,8
-192.92089609055998,1
-197.3827482861423,1
-191.59950333830858,2
-248.24283745150697,8
-205.41741290486695,4
-267.01559440761116,11
-199.36588224582724,3
-200.3305085054944,5
-179.27432244047674,0
-179.30447363629918,1
-179.18693367072564,1
-187.09766423577034,1
-163.74126570888635,0
-177.21833222004975,0
-174.1828282839384,0
-184.0232334121923,2
-185.1064963904915,1
-191.5241073038846,0
-184.96784820859838,1
-221.90488767418057,4
-211.11495948595817,3
-171.49717746696112,0
-199.46958368343428,4
-337.1254254334768,21
-191.17263642027424,1
-175.1240633189864,0
-171.6718380836816,0
-244.30115874449297,8
-206.69097867224568,4
-259.6104548595148,9
-232.2465915361595,7
-178.3644930967678,1
-175.4820551022155,0
-179.77423173318113,0
-237.46645741623772,7
-189.90877599237788,0
-178.31560285757303,1
-227.37129768089633,5
-235.1478487257291,8
-241.83877139062463,8
-206.82942010355126,2
-184.27057999090331,1
-234.81409842192977,7
-171.88747735518024,0
-224.8321661921394,6
-212.75062536439523,4
-181.48304328624718,1
-228.07653953547182,6
-169.52429717550734,1
-229.89140429956765,5
-190.96663548214627,2
-195.29367667494822,1
-181.49849977327102,0
-197.27045582344334,1
-194.57067721122786,1
-223.76254490727092,5
-234.67411812439923,7
-176.1875857678381,0
-190.59212094041843,3
-194.09202868099194,1
-235.69302358039084,6
-206.41749197571107,3
-218.4646900816654,5
-229.8175731197357,8
-226.63402586406423,7
-196.6778129382986,3
-198.5952645438034,2
-317.6099408714618,17
-206.83350885002918,5
-170.39467033252797,0
-198.74234929690866,2
-365.5681733658208,24
-187.588410554906,2
-171.95356972226625,1
-262.36125223113197,11
-194.27693507285298,1
-184.23103645944508,1
-205.23012074567774,4
-214.42066778707155,5
-224.04509260030014,6
-169.65399851298844,1
-219.11705343467636,6
-206.90998968977647,3
-183.82850617424026,0
-195.64803414048674,2
-191.52071788423606,2
-164.42320678224397,1
-297.533972297668,15
-203.14673827165458,3
-193.55500638815394,1
-176.57332097391202,0
-198.4996716930851,3
-232.03702350515877,7
-234.9336620557044,7
-174.25815714530796,1
-175.9977517210811,1
-198.02284896467296,1
-214.42399008046652,4
-206.56334358679274,3
-290.6164814715642,13
-189.00597208831115,2
-184.29895642947798,1
-195.16345894403125,1
-183.39443599746718,0
-180.33772550530082,1
-177.10499607746613,0
-178.5096682750977,0
-219.24358653121425,4
-278.5282148675063,12
-229.14248078206825,6
-200.52672158507417,2
-197.49218340362748,2
-223.8321336778771,5
-218.86722361973915,4
-176.7304760122957,0
-173.30707096637838,0
-187.93956036615072,0
-191.51032530985484,2
-189.60367216086453,0
-212.72866256876375,6
-223.76424720390975,6
-194.7517887510434,1
-215.96869634504154,4
-178.42904677757312,0
-159.69737205559508,0
-201.6266610930147,3
-206.8495404858304,3
-198.52840971129922,2
-197.16378790417863,2
-184.14391950191683,0
-196.3632825283053,2
-186.49778080106736,0
-256.6982085003877,8
-175.21802776950943,0
-184.66108800215594,1
-189.0515729567878,1
-217.13773279069437,4
-199.54900889364586,2
-220.29928917982264,4
-165.66736511779948,0
-190.2706690217745,2
-177.98554329044478,0
-211.81507613737816,3
-178.88081506022235,0
-212.28216045839275,2
-188.10296566284475,1
-187.7865171929776,1
-200.57947961752967,2
-203.51749536451723,3
-175.15087472689987,0
-183.2219556699262,1
-184.7210396693617,0
-208.87648387198334,5
-206.94068386647274,3
-179.34389716956994,0
-189.37772191339295,1
-163.9373856678275,0
-287.11252866435564,12
-156.80013144632238,0
-185.81508503879243,0
-181.46881285925,0
-174.23385807700805,0
-198.32749232880906,2
-185.27954600096857,2
-204.8032578477163,3
-178.22607952311682,0
-197.41365006082526,2
-184.45034588411377,1
-261.7352089175402,11
-178.31622173822794,0
-267.89012750022414,11
-209.65569603971602,3
-168.72353925160888,0
-176.23533993352635,0
-217.76386429944597,6
-212.01746313920899,4
-191.37290712992103,0
-211.9866509107672,3
-188.30047388277382,2
-182.22508238599806,0
-185.8764256941013,0
-212.03012047651572,5
-189.96448570346004,2
-227.4171728845231,6
-183.5089140324355,3
-174.70604628535852,0
-182.80169579982135,1
-183.59965178594737,1
-198.50808972538988,2
-176.54101190435966,1
-188.63575837549763,1
-200.0485333066752,2
-227.00783271488822,5
-211.66753041691933,4
-315.5451106082573,15
-176.6597658212279,1
-275.87818610436625,11
-178.14156516394675,0
-203.5169858091689,2
-179.46994860268325,0
-208.3125022257357,3
-291.2427508459103,17
-186.48463286515903,3
-224.20026778994253,6
-209.4361432691285,3
-172.55513427918177,0
-195.18666488586425,3
-185.01443500629836,1
-166.0310410907445,0
-185.25126186950524,0
-180.1969196068352,1
-171.68944789602975,0
-257.291583248989,10
-175.84725556078578,1
-265.06935444856595,12
-173.65098065184074,0
-176.92789684603275,2
-188.5631178635663,2
-191.48610030554892,2
-175.81451850548393,0
-216.87302850892834,5
-190.61729519708882,1
-176.61926477925175,0
-184.28059702740495,2
-175.1530155348068,0
-207.75340252066496,4
-191.78038322654504,2
-319.49221904497534,18
-177.31965737027406,0
-166.27941007233449,0
-265.32579085720624,10
-179.81305744379037,1
-248.98885468320915,10
-239.27067724747207,8
-187.44550922808273,1
-179.82903508266588,1
-190.64400265902472,0
-185.52973691030326,1
-190.3618836104168,0
-224.49726731045885,8
-182.68700137705247,0
-179.2951078493234,0
-179.21328788824633,0
-184.64768212935004,3
-261.3202133244954,9
-193.06400867795648,2
-219.08310250902724,5
-186.1750981532665,0
-183.38798362603737,0
-174.33312686721584,0
-182.774695032366,0
-183.2531127450637,0
-176.36265066762874,2
-187.58339824730987,1
-214.99880840660956,4
-178.06954414631952,0
-192.56083710860548,2
-171.31515603670272,0
-173.7811210117558,0
-173.95776867223444,0
-189.8607816868755,2
-186.24856810533436,1
-268.6019278826581,11
-231.10725639369727,6
-205.2157616894609,5
-172.1689023835199,0
-175.12764368236532,1
-176.25568157740577,1
-163.73686476004355,0
-190.34593906513646,0
-189.75085056958278,2
-226.20060392305777,6
-214.63353098431762,4
-219.32544846848054,4
-331.976706625962,19
-210.01974687159264,5
-181.31209934182425,0
-181.09980187353025,0
-211.9880432879446,4
-183.0433221140479,1
-231.1314852606516,5
-251.77091643750114,9
-254.34837904932093,9
-182.72822112241056,0
-198.76206648344942,2
-163.83190522298864,0
-252.45675254236392,8
-177.83230017239154,0
-206.70126838968224,3
-318.05071632318106,16
-205.49481552413172,3
-187.9948694824749,1
-255.3173150095358,9
-205.03730672728503,1
-174.97549794087504,0
-256.6172785933991,11
-218.75090209385795,5
-243.5025121761727,9
-248.13985642241562,8
-190.9619926494697,0
-192.008296148578,1
-175.11725817123508,0
-187.99129211360312,1
-163.7939027350225,0
-218.15820197717585,4
-211.9232176051835,3
-202.9455743187802,4
-197.43880250312108,3
-188.4014974987,2
-232.1489865506029,5
-177.54054588882215,1
-187.86166856594616,1
-190.0057973142898,1
-183.052588637816,0
-171.8438736114477,0
-203.55125209402254,1
-190.62895539241936,1
-249.41121093975642,8
-176.0556192483627,1
-191.33868484546204,1
-211.46727121837517,3
-171.16239366814773,0
-201.58256108102495,3
-243.48244103651572,10
-205.53481200644663,3
-186.74395587220013,2
-168.0996176537054,0
-198.72207195183944,2
-172.53536433525505,0
-197.30097503975716,2
-186.76356533975382,3
-179.71184095750374,1
-267.70953770226845,11
-177.67901602491838,0
-173.15664370246535,1
-239.64389184156383,6
-178.83893340307608,0
-325.8666913035489,20
-205.30247120040667,3
-178.73104687461148,0
-238.18458307202496,7
-213.69569159669607,4
-179.9865480655174,0
-191.16055040447014,1
-243.5954588087091,9
-234.63410922132678,6
-180.94443386053337,0
-179.6023474385836,1
-241.60835806422088,7
-187.38302138296862,1
-246.05221469470348,8
-238.49646131013145,8
-201.01402543543674,3
-195.67168862653907,3
-203.13651456196277,3
-168.64204600109025,0
-235.98188832641682,6
-225.29690178358058,4
-227.6288721041237,5
-268.0068068443291,11
-243.13352333086365,8
-257.12895720691824,11
-220.0544230520155,4
-185.76903263640625,1
-291.5451082118816,14
-233.47469480513797,7
-190.35289222506808,0
-236.56756036884693,8
-272.18187717565104,12
-250.17669923275702,8
-191.01624716525836,1
-261.79640620300563,12
-176.71938711232818,1
-205.21274742314262,2
-212.09322055235356,5
-172.70456976000258,0
-244.96048267784255,6
-226.53088991184916,6
-204.70698843628236,4
-174.41476142575257,0
-209.04553897973238,4
-239.21471192864027,8
-228.0789581389851,6
-247.57954471338894,7
-185.4792975606884,0
-187.8304998141487,2
-235.76970890694503,6
-202.33365548368414,3
-187.33704619011567,1
-249.60837155062276,8
-178.34468460564446,0
-280.42519381634276,12
-184.801429369188,1
-183.69641704760588,1
-189.51436316188918,1
-194.687279536109,2
-179.68017349270335,0
-278.9751809245188,14
-223.48660450342766,5
-205.44655544827103,3
-191.43954859843768,1
-207.77032822482954,3
-199.58013633425873,2
-224.0411591768146,5
-173.21625144626822,0
-165.47371062239057,0
-227.70382406622622,5
-177.46838205200407,1
-328.1766502206362,19
-236.79264760654786,7
-237.846912216381,7
-201.07285969799685,2
-202.70250545880467,3
-178.71563895358395,0
-189.07213168520644,0
-194.14440222063197,0
-311.59916268656025,14
-181.65733524024014,0
-175.69342776285131,0
-190.19257469798796,1
-213.81495768631146,3
-198.53167437215603,3
-250.31751174390348,9
-229.59602685672192,6
-240.52923570267598,7
-185.69702331276207,2
-219.2759760786925,6
-187.49717225046234,0
-207.2645156133653,4
-184.12448408176076,1
-213.6831996993079,3
-180.31412968989054,0
-185.649892931302,1
-240.37879772312135,7
-224.58849321562224,6
-181.41957862380065,0
-246.504082702215,8
-287.11090447057154,14
-168.95416561073242,0
-178.23518946431903,0
-194.61806331824673,3
-232.68037338121647,5
-198.93425226835805,2
-184.22512510510904,0
-200.65365904473228,4
-172.1696795897845,0
-189.05851703465572,1
-253.44409380134854,8
-198.90387111957094,1
-178.11157019245118,0
-192.17507199942315,2
-199.54742294753652,2
-192.81372634833986,1
-208.3738943978289,3
-191.02555332625343,0
-211.81236374210613,4
-285.5432547539154,12
-197.0946200356312,2
-234.46765696907886,6
-182.00439787012556,0
-180.2161177532185,0
-187.46220412924825,1
-225.44951449481272,5
-192.51858313885813,2
-224.89342130678375,5
-180.5724913652182,1
-226.14746432529742,3
-190.4828073652389,0
-190.363140430903,0
-264.4659251938607,10
-179.3203614057277,0
-181.36088251545627,1
-175.72565653394162,0
-196.996151434681,3
-205.48317670172133,3
-216.1073459471036,4
-200.04041955487278,2
-247.35664518463759,7
-193.41418807908653,1
-165.67262149581606,0
-190.84914762271106,1
-221.61548853179227,4
-202.42281714184207,4
-255.19690170605713,8
-188.0814027596097,1
-224.53118701536408,3
-176.59676972052915,0
-245.1289643328288,7
-174.64141721148133,0
-240.62682848827455,7
-214.75026212841854,3
-184.8969521077831,0
-196.94330582965975,2
-301.6714982168041,14
-240.49232686748775,6
-191.96151235501597,0
-269.3019987813676,10
-223.06891029760288,5
-176.41306993699695,0
-183.3477454995525,0
-194.51893059565643,2
-167.8399685317509,0
-228.9418305716803,4
-190.02237472785146,0
-176.61517239627537,0
-195.32309097832297,2
-177.46656590945614,0
-184.59771079712633,0
-260.3151436391897,9
-173.5490512143748,0
-185.2722049810572,1
-199.24619573062,3
-176.64367934901298,0
-184.70944400138814,0
-231.6236839173153,5
-182.52762613067378,0
-183.4369747317127,1
-181.3513410085709,0
-205.97905497997343,4
-188.76925544481898,1
-193.71133380912542,1
-230.6049180707526,5
-259.67918228913146,8
-181.86435173240443,0
-231.31614715521928,5
-177.82680514774444,0
-188.30956142226051,0
-283.4038234920315,12
-277.793872326428,12
-317.4282329236103,17
-319.4361902281752,16
-232.35615940768085,6
-217.6295971586704,3
-200.4642597263826,1
-212.97246847819,4
-187.99411167961878,1
-261.8405285865874,10
-247.2663490763279,8
-207.2810764255216,2
-259.96540535667293,10
-210.05860927249378,2
-172.92084653813788,0
-247.50746954151637,6
-174.5127221854922,0
-184.17031251673865,1
-183.63872641254983,0
-224.67563230750415,6
-340.68193225734075,18
-191.20361201035195,1
-207.46150260305092,3
-177.80185926874125,0
-170.87710208218863,0
-187.64513391786937,0
-197.25829935517265,1
-221.92904697362434,4
-187.43905995770604,1
-187.98739851283815,0
-184.87873822362073,0
-213.26880278992184,3
-177.5420693796699,0
-197.95203441735381,2
-209.50275441322088,3
-194.36697247076455,2
-187.41842897440998,0
-228.6992211865193,6
-202.33700676478566,1
-183.16752838207924,0
-202.42626750731762,2
-185.34139708027138,0
-180.4927697933569,1
-187.47054107616714,0
-181.62007262214897,0
-214.68373240052082,4
-185.17768888775166,0
-230.16853811684715,5
-191.25554934458316,1
-184.7607256773711,0
-255.29177410595867,8
-220.55044520932802,3
-196.15567496742648,1
-175.47751904565018,0
-173.4011278022747,0
-202.5719346541107,1
-189.67553904168622,0
-196.20357161451378,0
-225.3698132411961,5
-189.37080598398921,0
-241.27762786030553,7
-195.73104118360834,1
-243.98999425500648,7
-180.06133238904485,0
-185.0614019180433,0
-194.12154544493401,1
-202.74805613048363,2
-190.0488336610042,0
-196.3674454364887,1
-181.19885544350083,0
-176.38723471525142,0
-174.35530464040278,0
-196.89390379894834,2
-170.81165930301978,0
-180.98437129967456,0
-179.00382242041178,0
-173.93647088305994,0
-185.48785429419107,1
-232.57717127970767,5
-186.67581256364434,0
-281.2583373793076,11
-188.73635811767494,0
-198.76383761615295,2
-206.80037674959618,1
-191.62157126693114,1
-188.10825742218452,0
-169.59204193739183,0
-177.01697866492256,0
-191.27378885029154,0
-251.37267592959512,8
-228.15395046058217,4
-175.86554465438056,0
-188.2236790860933,1
-215.2491983596413,3
-174.83358463470336,0
-186.1514322234185,0
-194.40249108454714,1
-202.09756151646374,3
-197.3954320060911,2
-195.4451210492509,1
-192.5920120849545,1
-259.3460510932434,9
-208.0220877900989,2
-184.19708933517904,0
-185.22801047016105,0
-193.97992056080594,1
-167.37701122787496,0
-207.85033211776107,3
-182.11765340241075,0
-237.4270848136227,7
-185.12348911018947,0
-184.56726689573765,0
-187.83731584322464,0
-210.0496244631646,3
-167.90314324114271,0
-186.50819632885984,1
-187.37550222159513,0
-184.44406908671428,1
-180.42690454085226,0
-178.2248798637686,0
-187.90608751555524,1
-205.9009537744581,3
-185.25534541567802,2
-242.59432567673406,7
-176.4812071600447,0
-169.6362812621369,0
-204.17836731400536,2
-182.16944329755074,0
-179.80002391991104,0
-194.34295100098427,1
-282.96600330401765,12
-169.13874533918954,0
-184.21852214550137,0
-178.44331749530252,0
-185.50201602275862,0
-178.6463083101357,0
-188.84474186978304,1
-180.4183557655828,0
-190.33414253152907,1
-177.9392761089234,0
-182.13775732483998,1
-184.0594741792165,0
-181.89676328224027,0
-176.17008991524747,0
-253.8881076874937,8
-193.83519414843633,1
-190.81782935343875,1
-180.58269654068562,1
-190.04685657445063,0
-180.86849965394808,0
-202.51163662338664,1
-187.06313062310917,1
-176.29287335547932,0
-199.08036390095376,3
-206.71089104550248,2
-167.81210528587718,0
-198.56045295693303,1
-204.3352183256909,2
-205.00482387986636,2
-186.76826466570233,0
-182.4550398180513,0
-196.49020724821006,1
-180.9568828125327,1
-199.38082675060556,1
-233.18059642294475,7
-190.34392479891343,0
-212.7500403156677,3
-170.63776620956378,0
-184.93301248845444,1
-192.03469599965135,2
-190.65655750180775,1
-172.7358138275624,0
-183.02718648113517,0
-186.53652352451573,0
-307.83113726075544,16
-210.16712861560873,2
-179.0174654835694,0
-193.5449362205097,1
-164.2113933600074,0
-186.3436861031415,0
-176.5454962797282,0
-198.92719562545733,2
-185.02183187585874,1
-210.47762301950667,4
-195.12084867777315,1
-181.19140115171456,1
-189.5816856784287,1
-235.08062295553393,6
-177.2669149184011,1
-198.4471591531925,2
-194.93910061735667,1
-175.23086644891893,0
-278.90559470520554,11
-185.50682738149305,1
-195.2024426726243,1
-296.6733857113291,14
-187.64692733215261,1
-310.49135574430574,15
-191.34365672496574,2
-268.6314117130233,11
-218.6851327665016,4
-185.5105476819735,0
-179.0682534339538,2
-245.86029465530908,8
-182.16159506525247,1
-192.1121429673863,0
-183.7853852561829,0
-181.74167665238227,0
-193.5180965938689,2
-200.65451165168008,2
-176.6030954447444,0
-199.95072435093138,2
-183.26859036847503,1
-262.14549203793666,10
-317.9442095544228,16
-178.33408471197325,0
-189.08814835585474,0
-175.64039552463285,0
-183.45132818349438,0
-184.76549357211445,0
-181.94145600270332,0
-184.03347570657272,0
-181.54636471831952,0
-175.2485227018834,0
-184.85275344428058,0
-198.09403189004632,1
-180.75743777632755,0
-219.79595194190944,5
-183.19960219417703,0
-189.1766733625018,1
-209.46012594347877,3
-256.0813347304844,10
-173.40283499086428,0
-273.67760212787294,10
-191.5380821401399,1
-180.19842203264946,0
-181.54724942076783,0
-182.39743947655592,0
-218.62125534440779,4
-185.5512412966405,0
-188.7622009140973,0
-199.91738286577507,3
-188.90164220834768,0
-175.74934738583985,0
-189.3253916304676,0
-196.49618611898458,1
-175.2313697701588,0
-184.1333362364835,0
-177.2665558960757,0
-306.8944440051114,16
-180.53574175771524,0
-184.70659268549522,0
-204.4908368182711,2
-187.99533419909383,0
-183.3743184436439,0
-171.73093856339986,0
-206.60911913557922,2
-187.26241325794848,0
-186.60944397393826,1
-185.66431866642216,0
-198.62081272819853,1
-185.30200419896443,0
-168.464974843844,0
-180.13003146852128,0
-186.7990621682174,0
-182.0125748443718,0
-182.47315875756408,0
-189.20773726910687,1
-185.08996968608977,1
-187.77616455453048,0
-196.45505261835572,2
-174.02936682664884,0
-209.69520197267002,3
-243.06920374586662,7
-193.59767859379562,1
-188.3372483556412,0
-198.6737117225324,1
-184.64545942145682,0
-219.56806441603194,4
-184.5114297123475,0
-176.6499393685573,0
-193.86243512883104,1
-266.3549756637151,10
-193.1328557687714,1
-184.62745828217012,1
-220.24809594829895,4
-177.76813550565763,0
-188.1772229414527,0
-177.3930721471143,0
-183.14733311175897,0
-189.97665096092635,1
-196.98851330839398,1
-194.65353277267755,1
-190.48459761622243,1
-188.7890002120657,0
-214.03232680811027,4
-225.5053903535263,5
-192.42211490625357,1
-190.76131340894523,1
-205.09481995924992,3
-165.54199703739897,0
-184.82754668699567,0
-189.7104259818653,1
-181.82523992983607,0
-205.9313102409395,2
-190.27285182281312,1
-184.3406795706024,1
-193.49934495412558,1
-217.41689262775245,4
-208.64214334762565,3
-181.53104770788292,1
-203.54342609789384,3
-194.58668787756184,1
-220.2844367007376,4
-213.37839170560954,2
-233.67069230510714,6
-183.8462907333157,1
-184.1681158725942,0
-165.58821374141218,0
-207.3988113271905,3
-178.71605044287855,0
-194.08690518707257,1
-177.00311440613717,0
-206.30213748969948,2
-205.02688597470038,4
-182.58989233897623,1
-242.55786694390136,8
-201.03338491660588,2
-199.06335754516482,1
-211.9157471143362,3
-173.410354291127,0
-180.25713752403007,0
-209.02843485376735,4
-209.8680328171265,3
-247.69249381582569,9
-170.90447517671234,0
-177.52412173445367,0
-212.2837931018149,3
-268.82065570935293,11
-205.50953371151547,3
-175.93695152971807,0
-179.2523739286619,0
-215.56397687606614,5
-222.93589909118037,7
-204.5733464521992,3
-194.61839395816105,1
-188.4163059334321,0
-218.38023895086332,4
-185.72502057443737,1
-193.74981539471773,1
-158.03721022346448,0
-194.55176437795905,2
-182.45721405446207,0
-174.3279075935814,0
-184.55801878405822,1
-228.50655849070858,5
-168.10394473377855,0
-169.38278345516198,0
-185.50591066714878,1
-185.53812869041863,0
-205.1212072273886,3
-169.8546869297749,1
-188.16954690284015,0
-188.00873073849897,0
-192.73886441318416,2
-212.1217690197164,3
-264.0179886741322,10
-184.9065889565815,2
-210.8479315341812,5
-172.55343252332503,1
-219.93648476109178,5
-189.72581831208348,1
-189.42664359635882,1
-192.0267610239305,2
-195.40239983936567,2
-186.80416119955262,2
-181.11943914474296,0
-207.65423283620106,3
-190.53100432287104,2
-225.80784042796967,6
-219.14112029495715,4
-198.17658091444986,2
-170.87956781020168,0
-243.92893243404487,8
-292.2163336866743,14
-199.0122042460202,3
-273.09303737768903,13
-182.2915015038917,1
-198.37018203162606,1
-199.12200338760036,3
-187.8223721153506,0
-188.50422554048518,1
-196.27553428400424,4
-198.45261592156706,1
-176.62536312189584,0
-194.95658395485302,2
-187.73962545166594,0
-191.47203278062267,2
-197.21465597443373,4
-165.80257987739796,0
-179.24463923621659,0
-213.38869503799822,4
-175.9034552462961,0
-199.5781567895838,2
-192.75068736946272,1
-217.63642759322295,5
-178.1625935138278,0
-187.89037342471002,1
-179.204791709753,0
-175.83368192622024,0
-195.39939066137435,1
-214.83721793720207,6
-184.19055708686992,0
-263.0428866888304,11
-235.84685798666226,8
-235.89470354573754,6
-171.744077640668,0
-191.18513473772717,1
-175.4607915249074,0
-177.60408071006202,0
-184.62544403747572,1
-190.0387783391434,3
-260.1607108375334,12
-199.98518429320623,2
-187.8798451364116,1
-204.7387534034519,3
-180.03806650051925,0
-174.14640008386138,2
-190.29254219979714,0
-265.29168862248764,11
-167.15075382098613,0
-254.78438092209265,8
-256.86814083329784,10
-205.26223304677652,4
-200.28913514959612,3
-191.26486594867396,3
-185.89721538705712,2
-223.65976847942042,6
-171.60014935352928,0
-209.76158492470182,4
-194.39955347809396,2
-182.5430037125256,1
-258.6003258093468,9
-196.3793721579397,2
-193.60949465555024,1
-190.4528694820989,1
-274.05398534338553,11
-188.52859153795671,2
-185.35382706355418,2
-239.5452520963487,7
-180.41537885072918,0
-243.30405179656086,7
-339.08556309706125,19
-176.6498520565946,1
-214.68661665466016,4
-247.69144465737486,8
-306.03946996058494,16
-192.36017935749567,2
-320.69945967419267,18
-210.87733608253893,2
-215.68551477297837,5
-198.58260172979763,4
-191.74565675635483,2
-243.12653573015479,8
-176.02624672578176,1
-199.62922081244835,1
-186.67267052978247,2
-183.48766470316508,1
-239.7588242517449,7
-177.93446085565273,1
-184.08255512053591,1
-205.27271747551438,3
-234.06057630968232,5
-180.52852902066442,1
-193.84112373025766,0
-176.7851534419143,1
-193.59347078230508,2
-177.32057155617107,0
-276.114860758399,13
-280.5731373238328,11
-190.99357204202911,1
-190.83311801348557,1
-237.52575298509007,6
-266.5276844495539,11
-218.95116262672707,5
-189.55414802644873,2
-219.77557639586098,6
-185.24425442509218,0
-276.67618338339565,11
-310.45804569409796,15
-203.16988170296656,3
-180.52535267400333,0
-186.09790883628656,0
-187.77465052300826,1
-179.4149614501095,0
-187.1240328733045,0
-186.14486582158284,2
-191.4177220032005,1
-183.77401779415825,2
-231.30113979733107,5
-217.42683534432172,4
-190.80783012738493,1
-178.95242768899863,0
-228.49340253422992,5
-201.3179978074572,2
-185.93373152370535,0
-199.67191149370046,2
-194.6470733852897,4
-177.7861102085953,0
-185.85033284899598,1
-197.4294070570054,2
-187.8690427511431,1
-159.49670818445364,0
-173.10166478164183,1
-174.13779325838027,0
-222.09074873337062,4
-173.05307035155673,0
-192.48962573113016,1
-183.26326619579964,0
-186.32087881265937,0
-190.0644430859781,1
-194.93275734456944,1
-185.5230863720731,2
-206.74788747243034,2
-259.4508228183492,9
-170.05610226235294,0
-182.12885034312265,0
-192.40267077197794,2
-189.96732806256762,2
-237.49455959515504,7
-208.135502643238,3
-184.78763021203994,2
-226.6413322519917,5
-212.6582758291236,3
-278.9851596564295,12
-285.11721618558414,12
-203.03604378826984,2
-194.96670302011933,1
-165.29148743967613,0
-191.21076065399075,1
-205.45303097904215,3
-196.9886651709189,1
-195.48410043792688,1
-231.47773725142585,6
-197.9966388263126,1
-189.93281776660552,2
-182.29842279874484,0
-186.125741874271,0
-207.7928823842471,3
-174.66383626165398,0
-176.89362533804314,0
-187.39817340250625,0
-189.43621547374846,1
-178.34761607235376,0
-185.76809057105973,0
-180.08390928899402,0
-202.55223642065192,2
-175.14348540134424,0
-194.77503805691066,2
-189.03278732270448,1
-188.5887924668544,0
-189.6871808090344,1
-185.75454145507706,0
-199.58511846974744,2
-189.68376090265878,0
-200.27599738059575,2
-180.1079100276221,0
-246.10776229923712,9
-182.55213874450735,0
-182.85810523248614,0
-184.12624510409856,1
-184.60433066023012,0
-190.33608848712163,0
-171.17981039819693,0
-166.84928139605617,1
-200.60293918528677,1
-186.75978915294448,1
-187.71895431230948,0
-316.0621784531009,15
-215.98444865406793,3
-181.77906826610288,0
-198.2453893410358,3
-180.1093797928606,0
-201.5818838142698,2
-194.27506271384811,2
-308.9908858425914,16
-187.53561982531122,1
-177.81017984390846,0
-191.52750814235432,0
-176.64822005803555,0
-177.2923428283485,0
-199.09035092632573,3
-194.0379073593717,1
-228.60219446401294,5
-183.96823853896825,1
-185.57788800862045,0
-189.9143075789638,0
-214.63547738901866,5
-180.52313042753318,0
-187.72970433394454,0
-178.0313079746345,0
-182.40322240431632,0
-199.3862712211581,2
-217.30784455507083,4
-174.4588909653263,0
-191.442807551109,1
-190.57955293236517,1
-217.90395605712462,4
-216.1966324459395,4
-184.9464311128564,0
-174.7470209252467,0
-192.9923953876089,2
-199.09416006198833,2
-178.05952923898928,0
-188.57109048484025,0
-226.30857342744864,6
-238.86401553038368,6
-202.69079691432503,1
-186.6646328438757,1
-186.96346326383278,0
-199.191974460013,1
-235.6325840539316,5
-192.71198243942865,0
-224.73512073781268,4
-186.1851163541231,0
-207.47057957190634,3
-187.35130757180022,0
-176.47747097004478,0
-223.81487495736837,5
-184.29716456246385,0
-197.04339961591387,2
-179.06228948982806,0
-195.36323664721147,1
-183.63664811088782,0
-191.26524440970678,0
-193.00432545377438,1
-196.6783738863952,1
-192.41101767322633,1
-187.3413934936816,2
-186.62690359026504,1
-212.80845082283054,4
-172.69183184335793,0
-186.7151176606953,0
-170.26718376639272,0
-242.43885153616884,6
-192.5395283713971,1
-195.9677710683812,2
-185.08723450040478,0
-201.35922072763805,2
-178.35024476792688,0
-188.6796350076857,1
-194.3886326640149,1
-197.36528680941584,1
-186.47794449402681,0
-190.22780742718732,0
-170.35710802840336,0
-185.99973168811772,0
-184.73776142474813,0
-177.1841579046312,0
-206.7933161576938,2
-191.9492930798497,1
-181.18465517209626,0
-192.22350072435725,1
-247.8073169853942,7
-183.95323843103324,0
-179.4843212178857,0
-190.30407079040614,0
-267.0600589495648,9
-185.04224109724603,0
-222.9463040409887,4
-186.36299326990112,0
-285.8240493690969,12
-179.09451145069082,0
-178.1139247888621,1
-179.11963303104793,0
-187.7585368116948,2
-181.40911522141687,0
-194.5219828861019,1
-187.02015976553798,0
-210.5090306955363,3
-199.2058280162298,2
-177.28622655497693,0
-182.8271606002607,0
-214.50810471592638,5
-195.10226055914524,1
-202.10495586060136,2
-183.33662701587951,0
-229.80112826122672,6
-192.44853431944335,1
-218.61902294278855,4
-179.47856988675656,0
-186.8378482572813,0
-176.09873658797986,0
-188.58501388439578,1
-193.4168768729984,2
-186.05775498408,0
-188.95466913943895,0
-183.5662370476405,0
-176.54321632129177,1
-190.2636256638964,0
-202.11072333037322,3
-183.9442297500266,0
-176.45702938792223,0
-171.79745549370296,0
-192.1298868967442,1
-175.53548676737856,0
-209.56623889635972,4
-186.0313072944358,2
-183.8381546504495,0
-194.52815174112104,1
-186.00780854058897,0
-183.7633664105772,0
-180.19896215005235,0
-178.03823083250816,0
-228.61740956188004,6
-204.40280053807157,2
-269.8851423968754,11
-187.89028840096475,1
-175.20085719203234,0
-189.22177517810812,2
-181.32035939161432,0
-212.06175031924107,3
-198.80147284396006,1
-188.34079919935567,0
-178.53040485379816,0
-184.61341259353227,0
-187.632851494114,0
-175.74439505329212,0
-210.94737250892013,3
-184.7447563373361,0
-205.2219913886986,2
-180.05921662786207,1
-210.37357526507557,3
-188.06323312903544,0
-187.05453402562966,1
-178.5356990523742,0
-176.22990183388617,0
-177.76300764872624,0
-199.4324682719393,2
-179.61267732079418,0
-177.13304064699443,0
-185.96317097984837,1
-305.5427911070946,16
-186.227012035412,1
-189.03589421250507,0
-182.1094512580802,0
-190.93287335971164,0
-191.84201458818222,1
-237.46754810184478,7
-194.8499725653489,1
-193.1915555710168,0
-179.10585046603904,0
-188.25752589811128,0
-231.72107933920458,7
-170.58126802711934,0
-196.82390478388947,2
-191.30826576905113,2
-179.3144970922249,0
-178.17095289433757,0
-186.2426204596367,0
-208.8790409651906,3
-177.86782783740225,0
-205.00012579002305,4
-252.9154629365407,9
-181.50282167590484,0
-214.5178672034658,4
-196.9630169763747,1
-193.76030116449832,2
-189.24164854204105,0
-184.2765439814707,0
-185.9654981370492,0
-185.73908063954894,0
-181.44717638118414,2
-171.13166922346787,0
-193.77285945217096,1
-201.2314921070486,3
-239.72832054943092,8
-180.62184482060707,1
-192.7152969891344,1
-182.92969564211722,0
-182.35341994781044,0
-199.22202380788698,2
-219.36168025810383,3
-173.49793222095323,0
-178.97180733021125,0
-180.85745109126646,1
-183.94850915554667,0
-179.05979789168876,0
-164.7591200779309,0
-178.81824895687058,0
-200.20307654508395,3
-178.67038132035483,0
-185.31301153543913,0
-299.4132224591019,15
-184.1365083619482,0
-179.97068094680205,1
-197.58044176277673,4
-163.74668269538137,0
-183.9126313962115,1
-182.60711960893101,0
-176.6946478175222,0
-185.9107242165049,0
-182.22285283104574,0
-191.6702875945007,1
-183.0901444747656,0
-222.24055716146955,5
-184.60211156546853,0
-202.51936945583674,3
-184.4885763201232,0
-184.71665774841077,0
-204.74568955586565,4
-209.66530514432776,3
-179.02983522504795,1
-169.02591662625218,0
-178.92520615383134,0
-212.40304280900924,3
-181.5083373086974,1
-174.81126144006572,0
-191.97540382337039,2
-198.5322824917938,2
-184.48958340026988,0
-182.03707616482387,0
-186.27866249542075,2
-218.08274266852322,5
-193.23372689600413,1
-167.6822294278757,0
-185.2172823573754,1
-198.78126408765354,1
-280.4079910526561,13
-257.7862352828097,10
-179.26508980575306,0
-172.54702735096754,0
-195.76123772256867,4
-201.66599597525186,1
-184.53481264609556,0
-214.3872809975252,4
-170.18454821755554,0
-176.73077421246978,0
-185.55778864138568,0
-214.6337487898182,5
-182.8456766907281,2
-187.08411164285062,2
-235.3979672329675,6
-225.75367071970103,5
-222.90242757874196,6
-225.7811065578075,6
-350.4590807841006,22
-189.84881182883552,1
-182.29970686368392,0
-190.75578073483123,1
-239.3860762026129,8
-175.41661298863974,0
-176.89435893861622,2
-217.9587225904508,5
-173.01840154079883,0
-172.45427834599457,0
-184.29934932723165,0
-182.2130917389669,0
-182.78504494577683,0
-220.70591567157754,6
-267.86466219610105,9
-170.13034875099208,0
-177.89000058504536,0
-209.6926477953559,4
-179.16081061696988,1
-182.8835970795892,0
-172.81578740958247,0
-192.43270551900378,1
-167.14042286859018,0
-176.28576044762727,1
-181.87590281926643,0
-186.10315283259828,1
-185.17984998040308,3
-168.9062144653708,0
-186.53015569178933,0
-192.79835150180162,4
-191.85929545352965,2
-172.83536253119453,0
-180.73271272801878,0
-204.64574646535564,3
-202.96020791620938,3
-182.82114748917292,0
-214.91346589994237,4
-166.02470556049414,0
-191.0265929192462,1
-180.9896333524743,0
-230.30448943431549,5
-270.0828681719605,11
-195.2030263314536,1
-199.54661112267715,2
-221.56928682979154,6
-184.63872837414345,0
-181.81314407981571,2
-168.15118935122368,0
-180.37388277171675,0
-186.05695986534005,0
-175.01518668133053,0
-188.01674497010416,0
-181.31692207012748,0
-229.42581419299287,8
-222.33788005642978,6
-174.25800231998568,0
-182.47481429496713,3
-194.02577808918605,1
-194.18401787921795,2
-208.57496243027222,5
-176.06966936040865,1
-178.98883431781533,0
-202.75460340875978,4
-219.48716341779172,5
-174.30754500754122,1
-189.62218611217145,2
-173.07214314295,0
-189.1720139988782,1
-213.42860491928343,3
-364.18484634284414,23
-171.78544288849318,0
-191.78541213116227,2
-228.702961184486,6
-187.62556067978974,1
-223.67703080086787,5
-188.36726362885335,3
-213.93511812408167,5
-294.9025043083377,13
-168.20880269856494,0
-222.8293483425149,6
-218.5257374392914,5
-178.9499663462974,1
-168.13397848948594,0
-187.42366065527523,1
-198.39178088400712,2
-194.05365152832672,2
-208.39132244173038,3
-167.0242064027794,0
-184.43314477830847,1
-191.32854188621343,3
-183.19488267213927,1
-188.263598242316,1
-212.83722371876962,5
-173.08662967366564,0
-191.08046988734893,1
-266.5877092114927,12
-189.508320225842,1
-207.8966063285514,4
-173.59401012900645,0
-206.92681425759733,3
-232.39788466828455,6
-230.56698754006507,8
-204.79325429407982,5
-258.9587940835052,10
-183.24918153122024,1
-204.14903665007415,2
-179.91695768379012,1
-173.5582192095608,1
-218.44205446591718,5
-251.6540469975671,9
-209.58477874874478,4
-218.78279225058776,5
-213.63877839369633,5
-204.1537974392107,3
-200.21234459023103,2
-203.0534560820923,5
-196.6830884205684,3
-170.90729234722218,1
-194.22167628597626,2
-190.30167986379874,2
-199.37626524040408,3
-215.5385499108164,4
-173.17276029329273,0
-303.39723228995797,15
-262.9904501929982,10
-253.69213628947293,10
-183.11294291282817,0
-176.3639407244431,2
-176.1530436235829,0
-168.37147933234098,0
-176.60087958517767,0
-169.07947515170008,1
-187.6714683425998,1
-229.99790952254222,6
-188.55641777148836,1
-210.41812537476935,5
-193.67059851163452,2
-175.2677961347847,0
-196.02748522652186,2
-194.31107824816908,3
-254.97097133084793,11
-176.4507751971723,0
-183.44662756435375,1
-232.75132741775778,8
-309.16955871207006,15
-258.7489143113058,10
-168.25930069573437,0
-220.84474208064916,5
-170.8184460959458,0
-219.5370901028064,5
-253.7195898550487,8
-180.84322921855897,0
-191.34044181663631,2
-232.59356114606055,8
-178.4401817139354,1
-175.52336898510382,0
-179.0347562923696,0
-194.69747798745118,2
-167.27024500388177,0
-181.51530873436403,0
-169.87337017054043,0
-268.8526651497863,12
-227.92101339276462,7
-186.16901527203015,1
-271.7664336506887,12
-202.74365555606897,4
-164.14392309492274,0
-188.04166353916594,1
-268.75240499763083,12
-173.05968098473588,0
-192.8411918691552,2
-331.89910607894876,20
-177.60058264008433,1
-184.81755437517947,1
-171.57793459142485,0
-219.1110564996365,4
-179.63324559992733,0
-295.1643864791995,14
-209.1031133044003,4
-229.35330952889345,5
-204.98512257677598,4
-196.68191763498402,2
-178.05654157006143,0
-253.5912744732962,9
-179.71742119863342,1
-229.79159602387574,7
-166.2338371390872,0
-206.5800611552379,4
-189.9869931269013,1
-177.3792929270033,1
-275.4836503797598,12
-201.46273491162486,3
-192.22001152924796,2
-195.3826602697457,3
-189.45820043997057,2
-221.60426407743017,6
-220.4245844752212,6
-223.1962732164367,5
-176.90683521783313,1
-247.453966200787,9
-212.12955124993215,4
-236.4900050111736,8
-183.6721916480387,3
-305.6764963302403,16
-252.80704389525394,9
-175.5754095359557,0
-196.4646419088905,2
-179.86949800730477,0
-178.73871941418633,1
-220.98786019261266,6
-181.83138128704562,3
-246.58121888997027,10
-164.79744386190916,1
-194.667161554722,3
-204.78600229598354,4
-229.7618733671412,8
-352.3376469179791,22
-181.55403046384313,1
-239.337606537798,8
-211.51892190359396,4
-176.98553671435826,0
-214.72588926301728,5
-258.18792356841294,9
-198.05452430607434,3
-294.3983903344109,16
-226.87780710363464,6
-230.28698967375396,8
-207.00329917664763,5
-187.9009995436959,2
-168.88921654805918,0
-181.6818239674014,2
-207.77895689030612,3
-225.32791328355373,6
-163.6732710071561,0
-214.60139900684152,4
-172.3088879461055,0
-186.2076298603461,1
-280.83976307980157,11
-184.40960160178352,1
-201.0474032020587,4
-182.7888177495945,1
-199.35793182475834,3
-171.83044659187837,0
-164.8111528634518,0
-216.384416149746,8
-175.7493352956385,0
-168.45951236143821,0
-198.6477078217027,4
-240.83137664831568,10
-208.91256712210793,3
-187.98710240062454,1
-294.27272768706234,17
-241.03671530337823,9
-191.1313063948227,2
-218.3984017691521,5
-205.0284642771319,5
-196.75360972789926,4
-181.0570353787883,1
-219.51831054321258,7
-186.70878596196553,2
-213.15606761581626,5
-185.09669604757138,1
-176.2079128916282,0
-189.55781592514433,2
-263.29393900581306,10
-190.38313338718484,2
-259.139775875449,11
-163.5788330803611,1
-184.48146441070827,1
-193.94944004566773,1
-204.15092354600753,3
-205.33133898536573,3
-183.28946808781976,2
-174.49064115430537,0
-194.74396713164134,3
-220.0824964018329,6
-223.3134865423287,7
-202.25203076099012,5
-180.6699199058942,2
-230.3515537853589,7
-187.54343998763326,1
-153.85604967242529,0
-223.862804976961,6
-256.94363760165993,12
-190.31101977711094,3
-271.0740732998707,13
-216.18698233071652,4
-245.5270403222681,8
-227.97911610366134,6
-258.1039911625301,10
-275.4958172168828,12
-197.41024514728474,3
-219.23809599516923,5
-342.03510543746046,20
-228.04882398378874,7
-288.0663122022589,15
-177.20297305875118,0
-300.1454887761582,16
-192.6050161946087,1
-236.12057383927595,8
-209.95991609831628,5
-289.0658956659341,13
-267.842403927576,11
-218.79183712732188,7
-242.85952000026364,11
-190.5965400651844,2
-263.8217536067097,11
-182.48412641729846,4
